<?xml version="1.0" encoding="utf-8"?>
<TextureAtlas imagePath="kris.png">
	<!-- Created using the Spritesheet and XML generator -->
	<!-- https://uncertainprod.github.io/FNF-Spritesheet-XML-generator-Web -->
	<SubTexture name="act0000" x="306" y="165" width="34" height="41" frameX="-3" frameY="-4" frameWidth="63" frameHeight="44"/>
	<SubTexture name="act0001" x="0" y="142" width="45" height="41" frameX="-3" frameY="-4" frameWidth="63" frameHeight="44"/>
	<SubTexture name="act0002" x="98" y="41" width="54" height="41" frameX="-4" frameY="-4" frameWidth="63" frameHeight="44"/>
	<SubTexture name="act0003" x="98" y="0" width="58" height="41" frameX="-4" frameY="-4" frameWidth="63" frameHeight="44"/>
	<SubTexture name="act0004" x="0" y="51" width="60" height="41" frameX="-4" frameY="-4" frameWidth="63" frameHeight="44"/>
	<SubTexture name="act0005" x="84" y="92" width="51" height="41" frameX="-4" frameY="-4" frameWidth="63" frameHeight="44"/>
	<SubTexture name="act0006" x="45" y="142" width="40" height="41" frameX="-4" frameY="-4" frameWidth="63" frameHeight="44"/>
	<SubTexture name="actend0000" x="45" y="142" width="40" height="41" frameX="-4" frameY="-4" frameWidth="63" frameHeight="44"/>
	<SubTexture name="actend0001" x="274" y="131" width="31" height="41" frameX="-2" frameY="-4" frameWidth="63" frameHeight="44"/>
	<SubTexture name="actend0002" x="85" y="142" width="39" height="41" frameX="-1" frameY="-4" frameWidth="63" frameHeight="44"/>
	<SubTexture name="actend0003" x="0" y="225" width="38" height="41" frameX="0" frameY="-4" frameWidth="63" frameHeight="44"/>
	<SubTexture name="actprep0000" x="163" y="142" width="33" height="41" frameX="-3" frameY="-4" frameWidth="63" frameHeight="44"/>
	<SubTexture name="actprep0001" x="306" y="206" width="34" height="41" frameX="-3" frameY="-4" frameWidth="63" frameHeight="44"/>
	<SubTexture name="attackprep0000" x="274" y="0" width="32" height="47" frameX="1" frameY="2" frameWidth="63" frameHeight="50"/>
	<SubTexture name="attack0000" x="0" y="0" width="49" height="51" frameX="1" frameY="0" frameWidth="63" frameHeight="50"/>
	<SubTexture name="attack0001" x="49" y="0" width="49" height="51" frameX="1" frameY="0" frameWidth="63" frameHeight="50"/>
	<SubTexture name="attack0002" x="274" y="47" width="31" height="44" frameX="1" frameY="-8" frameWidth="63" frameHeight="50"/>
	<SubTexture name="attack0003" x="274" y="172" width="28" height="43" frameX="0" frameY="-8" frameWidth="63" frameHeight="50"/>
	<SubTexture name="attack0004" x="0" y="266" width="23" height="43" frameX="-3" frameY="-8" frameWidth="63" frameHeight="50"/>
	<SubTexture name="attack0005" x="23" y="266" width="23" height="43" frameX="-3" frameY="-8" frameWidth="63" frameHeight="50"/>
	<SubTexture name="dead0000" x="153" y="183" width="36" height="35" frameX="0" frameY="-11" frameWidth="63" frameHeight="44"/>
	<SubTexture name="defend0000" x="113" y="225" width="37" height="41" frameX="0" frameY="-1" frameWidth="35" frameHeight="40"/>
	<SubTexture name="defend0001" x="238" y="91" width="35" height="44" frameX="2" frameY="2" frameWidth="35" frameHeight="40"/>
	<SubTexture name="defend0002" x="78" y="183" width="39" height="40" frameX="2" frameY="-2" frameWidth="35" frameHeight="40"/>
	<SubTexture name="defend0003" x="117" y="183" width="36" height="40" frameX="1" frameY="-2" frameWidth="35" frameHeight="40"/>
	<SubTexture name="defend0004" x="306" y="125" width="35" height="40" frameX="0" frameY="-2" frameWidth="35" frameHeight="40"/>
	<SubTexture name="defend0005" x="274" y="91" width="32" height="40" frameX="0" frameY="-2" frameWidth="35" frameHeight="40"/>
	<SubTexture name="hurt0000" x="76" y="225" width="37" height="41" frameX="0" frameY="-4" frameWidth="63" frameHeight="44"/>
	<SubTexture name="idle0000" x="0" y="225" width="38" height="41" frameX="0" frameY="1" frameWidth="36" frameHeight="38"/>
	<SubTexture name="idle0001" x="39" y="183" width="39" height="41" frameX="1" frameY="1" frameWidth="36" frameHeight="38"/>
	<SubTexture name="idle0002" x="198" y="136" width="40" height="41" frameX="2" frameY="1" frameWidth="36" frameHeight="38"/>
	<SubTexture name="idle0003" x="198" y="0" width="40" height="42" frameX="2" frameY="2" frameWidth="36" frameHeight="38"/>
	<SubTexture name="idle0004" x="156" y="99" width="40" height="42" frameX="2" frameY="2" frameWidth="36" frameHeight="38"/>
	<SubTexture name="idle0005" x="0" y="183" width="39" height="42" frameX="1" frameY="2" frameWidth="36" frameHeight="38"/>
	<SubTexture name="battlestart0000" x="185" y="266" width="23" height="41" frameX="-6" frameY="-7" frameWidth="66" frameHeight="47"/>
	<SubTexture name="battlestart0001" x="274" y="215" width="29" height="41" frameX="-7" frameY="-7" frameWidth="66" frameHeight="47"/>
	<SubTexture name="battlestart0002" x="46" y="266" width="24" height="41" frameX="-11" frameY="-7" frameWidth="66" frameHeight="47"/>
	<SubTexture name="battlestart0003" x="341" y="161" width="22" height="41" frameX="-11" frameY="-7" frameWidth="66" frameHeight="47"/>
	<SubTexture name="battlestart0004" x="306" y="83" width="34" height="42" frameX="-10" frameY="-6" frameWidth="66" frameHeight="47"/>
	<SubTexture name="battlestart0005" x="156" y="49" width="36" height="50" frameX="-2" frameY="2" frameWidth="66" frameHeight="47"/>
	<SubTexture name="battlestart0006" x="198" y="89" width="35" height="47" frameX="2" frameY="-1" frameWidth="66" frameHeight="47"/>
	<SubTexture name="battlestart0007" x="238" y="0" width="36" height="45" frameX="0" frameY="-3" frameWidth="66" frameHeight="47"/>
	<SubTexture name="battlestart0008" x="124" y="142" width="39" height="41" frameX="-3" frameY="-7" frameWidth="66" frameHeight="47"/>
	<SubTexture name="battlestart0009" x="38" y="225" width="38" height="41" frameX="-3" frameY="-7" frameWidth="66" frameHeight="47"/>
	<SubTexture name="battlestart0010" x="38" y="225" width="38" height="41" frameX="-3" frameY="-7" frameWidth="66" frameHeight="47"/>
	<SubTexture name="battlestart0011" x="38" y="225" width="38" height="41" frameX="-3" frameY="-7" frameWidth="66" frameHeight="47"/>
	<SubTexture name="item0000" x="209" y="225" width="26" height="41" frameX="-3" frameY="-4" frameWidth="63" frameHeight="44"/>
	<SubTexture name="item0001" x="238" y="179" width="36" height="41" frameX="-4" frameY="-4" frameWidth="63" frameHeight="44"/>
	<SubTexture name="item0002" x="198" y="42" width="35" height="47" frameX="-4" frameY="2" frameWidth="63" frameHeight="44"/>
	<SubTexture name="item0003" x="306" y="0" width="35" height="42" frameX="-4" frameY="-3" frameWidth="63" frameHeight="44"/>
	<SubTexture name="item0004" x="238" y="135" width="35" height="44" frameX="-4" frameY="-1" frameWidth="63" frameHeight="44"/>
	<SubTexture name="item0005" x="238" y="45" width="35" height="46" frameX="-4" frameY="1" frameWidth="63" frameHeight="44"/>
	<SubTexture name="item0006" x="306" y="42" width="35" height="41" frameX="-4" frameY="-4" frameWidth="63" frameHeight="44"/>
	<SubTexture name="itemprep0000" x="183" y="225" width="26" height="41" frameX="-3" frameY="-4" frameWidth="63" frameHeight="44"/>
	<SubTexture name="swordjump0000" x="156" y="0" width="42" height="49" frameX="2" frameY="1" frameWidth="38" frameHeight="46"/>
	<SubTexture name="swordjump0001" x="42" y="92" width="42" height="50" frameX="2" frameY="2" frameWidth="38" frameHeight="46"/>
	<SubTexture name="swordjump0002" x="0" y="92" width="42" height="50" frameX="2" frameY="2" frameWidth="38" frameHeight="46"/>
	<SubTexture name="victory0000" x="38" y="225" width="38" height="41" frameX="2" frameY="2" frameWidth="34" frameHeight="37"/>
	<SubTexture name="victory0001" x="60" y="51" width="38" height="41" frameX="2" frameY="2" frameWidth="34" frameHeight="37"/>
	<SubTexture name="victory0002" x="150" y="225" width="33" height="41" frameX="0" frameY="2" frameWidth="34" frameHeight="37"/>
	<SubTexture name="victory0003" x="235" y="225" width="25" height="41" frameX="-4" frameY="2" frameWidth="34" frameHeight="37"/>
	<SubTexture name="victory0004" x="341" y="80" width="23" height="40" frameX="-6" frameY="1" frameWidth="34" frameHeight="37"/>
	<SubTexture name="victory0005" x="341" y="202" width="22" height="40" frameX="-5" frameY="1" frameWidth="34" frameHeight="37"/>
	<SubTexture name="victory0006" x="341" y="120" width="22" height="41" frameX="-4" frameY="2" frameWidth="34" frameHeight="37"/>
	<SubTexture name="victory0007" x="231" y="266" width="23" height="41" frameX="-2" frameY="2" frameWidth="34" frameHeight="37"/>
	<SubTexture name="victory0008" x="185" y="266" width="23" height="41" frameX="-1" frameY="2" frameWidth="34" frameHeight="37"/>
	<SubTexture name="walk_overworld_down0000" x="93" y="266" width="23" height="41" frameX="2" frameY="2" frameWidth="19" frameHeight="38"/>
	<SubTexture name="walk_overworld_down0001" x="254" y="266" width="23" height="41" frameX="2" frameY="1" frameWidth="19" frameHeight="38"/>
	<SubTexture name="walk_overworld_down0002" x="93" y="266" width="23" height="41" frameX="2" frameY="2" frameWidth="19" frameHeight="38"/>
	<SubTexture name="walk_overworld_down0003" x="70" y="266" width="23" height="41" frameX="2" frameY="1" frameWidth="19" frameHeight="38"/>
	<SubTexture name="walk_overworld_left0000" x="116" y="266" width="23" height="41" frameX="2" frameY="2" frameWidth="19" frameHeight="38"/>
	<SubTexture name="walk_overworld_left0001" x="341" y="40" width="23" height="40" frameX="2" frameY="1" frameWidth="19" frameHeight="38"/>
	<SubTexture name="walk_overworld_left0002" x="116" y="266" width="23" height="41" frameX="2" frameY="2" frameWidth="19" frameHeight="38"/>
	<SubTexture name="walk_overworld_left0003" x="300" y="266" width="23" height="40" frameX="2" frameY="1" frameWidth="19" frameHeight="38"/>
	<SubTexture name="walk_overworld_right0000" x="185" y="266" width="23" height="41" frameX="2" frameY="2" frameWidth="19" frameHeight="38"/>
	<SubTexture name="walk_overworld_right0001" x="341" y="0" width="23" height="40" frameX="2" frameY="1" frameWidth="19" frameHeight="38"/>
	<SubTexture name="walk_overworld_right0002" x="185" y="266" width="23" height="41" frameX="2" frameY="2" frameWidth="19" frameHeight="38"/>
	<SubTexture name="walk_overworld_right0003" x="277" y="266" width="23" height="40" frameX="2" frameY="1" frameWidth="19" frameHeight="38"/>
	<SubTexture name="walk_overworld_up0000" x="139" y="266" width="23" height="41" frameX="2" frameY="2" frameWidth="19" frameHeight="38"/>
	<SubTexture name="walk_overworld_up0001" x="162" y="266" width="23" height="41" frameX="2" frameY="1" frameWidth="19" frameHeight="38"/>
	<SubTexture name="walk_overworld_up0002" x="139" y="266" width="23" height="41" frameX="2" frameY="2" frameWidth="19" frameHeight="38"/>
	<SubTexture name="walk_overworld_up0003" x="208" y="266" width="23" height="41" frameX="2" frameY="1" frameWidth="19" frameHeight="38"/>
	<SubTexture name="idle_overworld_down0000" x="93" y="266" width="23" height="41" frameX="2" frameY="2" frameWidth="19" frameHeight="38"/>
	<SubTexture name="idle_overworld_left0000" x="116" y="266" width="23" height="41" frameX="2" frameY="2" frameWidth="19" frameHeight="38"/>
	<SubTexture name="idle_overworld_right0000" x="185" y="266" width="23" height="41" frameX="2" frameY="2" frameWidth="19" frameHeight="38"/>
	<SubTexture name="idle_overworld_up0000" x="139" y="266" width="23" height="41" frameX="2" frameY="2" frameWidth="19" frameHeight="38"/>
</TextureAtlas>