<?xml version='1.0' encoding='utf-8'?>
<TextureAtlas imagePath="ralsei.png">
<SubTexture name="idle0000" x="130" y="0" width="67" height="80" frameX="-1" frameY="-6" frameWidth="69" frameHeight="47" />
<SubTexture name="idle0001" x="0" y="85" width="67" height="80" frameX="-1" frameY="-6" frameWidth="69" frameHeight="47" />
<SubTexture name="idle0002" x="67" y="85" width="67" height="80" frameX="-1" frameY="-6" frameWidth="69" frameHeight="47" />
<SubTexture name="idle0003" x="197" y="0" width="65" height="80" frameX="-2" frameY="-6" frameWidth="69" frameHeight="47" />
<SubTexture name="idle0004" x="0" y="165" width="66" height="80" frameX="-2" frameY="-6" frameWidth="69" frameHeight="47" />
<SubTexture name="defeat0000" x="73" y="245" width="69" height="52" frameX="-3" frameY="-35" frameWidth="77" frameHeight="47" />
<SubTexture name="hurt0000" x="0" y="245" width="73" height="76" frameX="-3" frameY="-6" frameWidth="77" frameHeight="47" />
<SubTexture name="left0000" x="197" y="80" width="63" height="80" frameX="-37" frameY="-31" frameWidth="100" frameHeight="100" />
<SubTexture name="left0001" x="66" y="165" width="64" height="80" frameX="-37" frameY="-31" frameWidth="100" frameHeight="100" />
<SubTexture name="right0000" x="130" y="165" width="67" height="80" frameX="-39" frameY="-31" frameWidth="100" frameHeight="100" />
<SubTexture name="right0001" x="262" y="0" width="67" height="80" frameX="-37" frameY="-31" frameWidth="100" frameHeight="100" />
<SubTexture name="up0000" x="0" y="0" width="64" height="85" frameX="-37" frameY="-26" frameWidth="100" frameHeight="100" />
<SubTexture name="up0001" x="64" y="0" width="66" height="84" frameX="-35" frameY="-27" frameWidth="100" frameHeight="100" />
<SubTexture name="down0000" x="262" y="157" width="65" height="76" frameX="-38" frameY="-35" frameWidth="100" frameHeight="100" />
<SubTexture name="down0001" x="262" y="80" width="66" height="77" frameX="-37" frameY="-34" frameWidth="100" frameHeight="100" />
</TextureAtlas>
