<?xml version='1.0' encoding='utf-8'?>
<TextureAtlas imagePath="susie_noeyes.png">
<SubTexture name="idle0000" x="346" y="424" width="93" height="81" frameX="-1" frameY="-3" frameWidth="54" frameHeight="45" />
<SubTexture name="idle0001" x="439" y="424" width="93" height="81" frameX="-1" frameY="-3" frameWidth="54" frameHeight="45" />
<SubTexture name="idle0002" x="545" y="0" width="93" height="81" frameX="-1" frameY="-3" frameWidth="54" frameHeight="45" />
<SubTexture name="idle0003" x="545" y="81" width="93" height="81" frameX="-1" frameY="-3" frameWidth="54" frameHeight="45" />
<SubTexture name="altidle0000" x="545" y="162" width="93" height="81" frameX="-1" frameY="-3" frameWidth="54" frameHeight="45" />
<SubTexture name="altidle0001" x="545" y="243" width="93" height="81" frameX="-1" frameY="-3" frameWidth="54" frameHeight="45" />
<SubTexture name="altidle0002" x="545" y="324" width="93" height="81" frameX="-1" frameY="-3" frameWidth="54" frameHeight="45" />
<SubTexture name="altidle0003" x="545" y="405" width="93" height="81" frameX="-1" frameY="-3" frameWidth="54" frameHeight="45" />
<SubTexture name="rb_spell0000" x="111" y="112" width="100" height="107" frameX="-20" frameY="-6" frameWidth="82" frameHeight="77" />
<SubTexture name="rb_spell0001" x="0" y="0" width="96" height="112" frameX="-20" frameY="-1" frameWidth="82" frameHeight="77" />
<SubTexture name="rb_spell0002" x="96" y="0" width="89" height="112" frameX="-20" frameY="-1" frameWidth="82" frameHeight="77" />
<SubTexture name="rb_spell0003" x="211" y="112" width="82" height="107" frameX="-20" frameY="-6" frameWidth="82" frameHeight="77" />
<SubTexture name="rb_spell0004" x="296" y="0" width="82" height="107" frameX="-20" frameY="-6" frameWidth="82" frameHeight="77" />
<SubTexture name="rb_spell0005" x="258" y="222" width="94" height="98" frameX="-7" frameY="-15" frameWidth="82" frameHeight="77" />
<SubTexture name="rb_spell0006" x="638" y="162" width="90" height="80" frameX="-2" frameY="-33" frameWidth="82" frameHeight="77" />
<SubTexture name="rb_spell0007" x="0" y="508" width="93" height="81" frameX="-1" frameY="-32" frameWidth="82" frameHeight="77" />
<SubTexture name="rb_spell0008" x="0" y="508" width="93" height="81" frameX="-1" frameY="-32" frameWidth="82" frameHeight="77" />
<SubTexture name="rb_ready0000" x="378" y="0" width="81" height="96" frameX="-21" frameY="-2" frameWidth="82" frameHeight="62" />
<SubTexture name="rb_ready0001" x="0" y="328" width="82" height="96" frameX="-21" frameY="-2" frameWidth="82" frameHeight="62" />
<SubTexture name="rb_ready0002" x="82" y="328" width="82" height="96" frameX="-21" frameY="-2" frameWidth="82" frameHeight="62" />
<SubTexture name="rb_ready0003" x="378" y="96" width="81" height="95" frameX="-21" frameY="-3" frameWidth="82" frameHeight="62" />
<SubTexture name="rb_cast0000" x="93" y="508" width="93" height="81" frameX="-23" frameY="-35" frameWidth="123" frameHeight="79" />
<SubTexture name="rb_cast0001" x="164" y="328" width="113" height="93" frameX="-12" frameY="-24" frameWidth="123" frameHeight="79" />
<SubTexture name="rb_cast0002" x="573" y="589" width="102" height="77" frameX="-14" frameY="-39" frameWidth="123" frameHeight="79" />
<SubTexture name="rb_cast0003" x="194" y="589" width="97" height="80" frameX="-20" frameY="-37" frameWidth="123" frameHeight="79" />
<SubTexture name="rb_cast0004" x="291" y="589" width="97" height="80" frameX="-20" frameY="-37" frameWidth="123" frameHeight="79" />
<SubTexture name="rb_cast0005" x="388" y="589" width="97" height="80" frameX="-20" frameY="-37" frameWidth="123" frameHeight="79" />
<SubTexture name="rb_cast0006" x="185" y="0" width="111" height="110" frameX="-34" frameY="0" frameWidth="123" frameHeight="79" />
<SubTexture name="rb_cast0007" x="0" y="112" width="111" height="110" frameX="-34" frameY="0" frameWidth="123" frameHeight="79" />
<SubTexture name="rb_cast0008" x="95" y="222" width="84" height="99" frameX="-31" frameY="-13" frameWidth="123" frameHeight="79" />
<SubTexture name="rb_cast0009" x="95" y="222" width="84" height="99" frameX="-31" frameY="-13" frameWidth="123" frameHeight="79" />
<SubTexture name="rb_cast0010" x="277" y="328" width="86" height="93" frameX="-28" frameY="-22" frameWidth="123" frameHeight="79" />
<SubTexture name="rb_cast0011" x="733" y="0" width="89" height="77" frameX="-23" frameY="-41" frameWidth="123" frameHeight="79" />
<SubTexture name="rb_cast0012" x="638" y="482" width="88" height="78" frameX="-24" frameY="-40" frameWidth="123" frameHeight="79" />
<SubTexture name="rb_cast0013" x="485" y="589" width="88" height="78" frameX="-24" frameY="-40" frameWidth="123" frameHeight="79" />
<SubTexture name="rb_cast0014" x="485" y="589" width="88" height="78" frameX="-24" frameY="-40" frameWidth="123" frameHeight="79" />
<SubTexture name="defeat0000" x="459" y="175" width="83" height="85" frameX="-17" frameY="0" frameWidth="60" frameHeight="46" />
<SubTexture name="hurt0000" x="0" y="424" width="88" height="84" frameX="-2" frameY="0" frameWidth="54" frameHeight="45" />
<SubTexture name="fuckingdead0000" x="0" y="670" width="97" height="58" frameX="-1" frameY="-27" frameWidth="62" frameHeight="46" />
<SubTexture name="laugh0000" x="378" y="191" width="68" height="81" frameX="0" frameY="0" frameWidth="28" frameHeight="41" />
<SubTexture name="laugh0001" x="638" y="242" width="68" height="80" frameX="0" frameY="-1" frameWidth="28" frameHeight="41" />
<SubTexture name="shocked0000" x="638" y="322" width="81" height="80" frameX="0" frameY="-6" frameWidth="41" frameHeight="46" />
<SubTexture name="right0000" x="186" y="508" width="93" height="81" frameX="-21" frameY="-31" frameWidth="100" frameHeight="100" />
<SubTexture name="right0001" x="279" y="508" width="93" height="81" frameX="-20" frameY="-31" frameWidth="100" frameHeight="100" />
<SubTexture name="down0000" x="459" y="88" width="86" height="87" frameX="-24" frameY="-25" frameWidth="100" frameHeight="100" />
<SubTexture name="down0001" x="459" y="0" width="86" height="88" frameX="-24" frameY="-24" frameWidth="100" frameHeight="100" />
<SubTexture name="up0000" x="459" y="260" width="86" height="84" frameX="-21" frameY="-28" frameWidth="100" frameHeight="100" />
<SubTexture name="up0001" x="174" y="424" width="86" height="83" frameX="-21" frameY="-29" frameWidth="100" frameHeight="100" />
<SubTexture name="altup0000" x="88" y="424" width="86" height="84" frameX="-21" frameY="-28" frameWidth="100" frameHeight="100" />
<SubTexture name="altup0001" x="260" y="424" width="86" height="83" frameX="-21" frameY="-29" frameWidth="100" frameHeight="100" />
<SubTexture name="defend0000" x="638" y="402" width="92" height="80" frameX="0" frameY="-26" frameWidth="56" frameHeight="66" />
<SubTexture name="defend0001" x="0" y="222" width="95" height="106" frameX="-1" frameY="0" frameWidth="56" frameHeight="66" />
<SubTexture name="defend0002" x="296" y="107" width="75" height="102" frameX="-17" frameY="-4" frameWidth="56" frameHeight="66" />
<SubTexture name="defend0003" x="179" y="222" width="79" height="99" frameX="-17" frameY="-7" frameWidth="56" frameHeight="66" />
<SubTexture name="defend0004" x="363" y="328" width="85" height="91" frameX="0" frameY="-15" frameWidth="56" frameHeight="66" />
<SubTexture name="defend0005" x="372" y="508" width="68" height="81" frameX="-17" frameY="-25" frameWidth="56" frameHeight="66" />
<SubTexture name="altright0000" x="440" y="508" width="93" height="81" frameX="-21" frameY="-31" frameWidth="100" frameHeight="100" />
<SubTexture name="altright0001" x="533" y="508" width="93" height="81" frameX="-20" frameY="-31" frameWidth="100" frameHeight="100" />
<SubTexture name="altleft0000" x="638" y="0" width="95" height="81" frameX="-9" frameY="-31" frameWidth="100" frameHeight="100" />
<SubTexture name="altleft0001" x="0" y="589" width="97" height="81" frameX="-10" frameY="-31" frameWidth="100" frameHeight="100" />
<SubTexture name="left0000" x="638" y="81" width="95" height="81" frameX="-9" frameY="-31" frameWidth="100" frameHeight="100" />
<SubTexture name="left0001" x="97" y="589" width="97" height="81" frameX="-10" frameY="-31" frameWidth="100" frameHeight="100" />
</TextureAtlas>
